{
  "width": 586,
  "height": 440,
  "cx": [
    [ "MILK", 72 ],
    [ "CONTAINS_MILK", 222 ],
    [ "CONTAINS_TOPPING", 384 ],
    [ "TOPPING", 521 ],
    [ "CONTAINS_PEARL", 72 ],
    [ "BUBBLE_TEA", 222 ],
    [ "BELONGS_TO", 384 ],
    [ "COLLECTION", 521 ],
    [ "PEARL", 72 ],
    [ "CONTAINS_TEA", 222 ],
    [ "TEA", 384 ],
    [ "BAR", 521 ]
  ],
  "cy": [
    [ "MILK", 43 ],
    [ "CONTAINS_MILK", 43 ],
    [ "CONTAINS_TOPPING", 43 ],
    [ "TOPPING", 43 ],
    [ "CONTAINS_PEARL", 169 ],
    [ "BUBBLE_TEA", 169 ],
    [ "BELONGS_TO", 169 ],
    [ "COLLECTION", 169 ],
    [ "PEARL", 338 ],
    [ "CONTAINS_TEA", 338 ],
    [ "TEA", 338 ],
    [ "BAR", 338 ]
  ],
  "shift": [
    [ "CONTAINS_MILK,MILK,0", 0 ],
    [ "CONTAINS_MILK,BUBBLE_TEA,0", 0 ],
    [ "CONTAINS_TOPPING,TOPPING,0", 0 ],
    [ "CONTAINS_TOPPING,BUBBLE_TEA,0", 0 ],
    [ "CONTAINS_PEARL,PEARL,0", 0 ],
    [ "CONTAINS_PEARL,BUBBLE_TEA,0", 0 ],
    [ "BELONGS_TO,BUBBLE_TEA,0", 0 ],
    [ "BELONGS_TO,COLLECTION,0", 0 ],
    [ "CONTAINS_TEA,TEA,0", 0 ],
    [ "CONTAINS_TEA,BUBBLE_TEA,0", 0 ]
  ],
  "ratio": []
}
